"DESCRIPTION","DURATION IN MS","NAME","PARENT SUITE","START TIME","STATUS","STOP TIME","SUB SUITE","SUITE","TEST CLASS","TEST METHOD"
"","4976","Rejects login with empty username","chromium","2026-10-01","passed","2026-10-01","Login Functionality","functional\login.spec.ts","",""
"","9857","should load homepage with correct title","chromium","2026-10-01","passed","2026-10-01","","demo\mytest.spec.ts","",""
"","5071","Rejects login with invalid username","chromium","2026-10-01","passed","2026-10-01","Login Functionality","functional\login.spec.ts","",""
"","14027","test should make an appointment with non default values","chromium","2026-10-01","passed","2026-10-01","make appointment","demo\Dedug.UI.make.appointment.spec.ts","",""
"","136977","test should make an appointment with non default values","chromium","2026-10-01","failed","2026-10-01","make appointment","demo\Dedug.pause.make.appointment.spec.ts","",""
"","1462","should demo fixtures","chromium","2026-10-01","passed","2026-10-01","","demo\mytest.spec.ts","",""
"","4519","Rejects login with empty password","chromium","2026-10-01","passed","2026-10-01","Login Functionality","functional\login.spec.ts","",""
"","6026","TC003: test should make an appointment with non default values","chromium","2026-10-01","passed","2026-10-01","make appointment","functional\params.make.appointment.spec.ts","",""
"","4611","Rejects login with empty username and password","chromium","2026-10-01","passed","2026-10-01","Login Functionality","functional\login.spec.ts","",""
"","477","Should get list of users","chromium","2026-10-01","passed","2026-10-01","REST API DEMO","api\users.api.spec.ts","",""
"","5845","TC002: test should make an appointment with non default values","chromium","2026-10-01","passed","2026-10-01","make appointment","functional\params.make.appointment.spec.ts","",""
"","1947","get started link","chromium","2026-10-01","passed","2026-10-01","","example.spec.ts","",""
"","5584","Rejects login with invalid password","chromium","2026-10-01","passed","2026-10-01","Login Functionality","functional\login.spec.ts","",""
"","8256","Login to the OrangeHRM Web","chromium","2026-10-01","passed","2026-10-01","","e2e\orangehrm.e2e.spec.ts","",""
"","9449","verify is dashboard visible","chromium","2026-10-01","passed","2026-10-01","","e2e\orangehrm.dashboardisVisible.e2e.spec.ts","",""
"","2598","should demo config","chromium","2026-10-01","passed","2026-10-01","","demo\mytest.spec.ts","",""
"","4930","Rejects login with invalid username and password","chromium","2026-10-01","passed","2026-10-01","Login Functionality","functional\login.spec.ts","",""
"","5420","test","chromium","2026-10-01","passed","2026-10-01","","test-4.spec.ts","",""
"","5483","Successful login with demo credentials","chromium","2026-10-01","passed","2026-10-01","Login Functionality","functional\login.spec.ts","",""
"","2218","has title","chromium","2026-10-01","passed","2026-10-01","","example.spec.ts","",""
"","968","should demo constant data","chromium","2026-10-01","passed","2026-10-01","","demo\mytest.spec.ts","",""
"","6157","TC001: test should make an appointment with non default values","chromium","2026-10-01","passed","2026-10-01","make appointment","functional\params.make.appointment.spec.ts","",""
"","13838","test should make an appointment with non default values","chromium","2026-10-01","passed","2026-10-01","make appointment","demo\Dedug.make.appointment.spec.ts","",""
"","6151","test should make an appointment with non default values","chromium","2026-10-01","passed","2026-10-01","make appointment","functional\make.appointment.spec.ts","",""
"","8364","should handle parent and child windows","chromium","2026-10-01","passed","2026-10-01","Multiple Windows Flow","functional\multi.window.spec.ts","",""
